<?xml version="1.0" encoding="UTF-8"?>
<!DOCTYPE mapper PUBLIC "-//mybatis.org//DTD Mapper 3.0//EN" "http://mybatis.org/dtd/mybatis-3-mapper.dtd">
<mapper namespace="com.example.managementSystem.mapper.AddressMapper">
  <resultMap id="BaseResultMap" type="com.example.managementSystem.entity.Address">
    <id column="address_id" jdbcType="INTEGER" property="addressId" />
    <result column="address_name" jdbcType="VARCHAR" property="addressName" />
    <result column="province" jdbcType="VARCHAR" property="province" />
    <result column="city" jdbcType="VARCHAR" property="city" />
    <result column="county" jdbcType="VARCHAR" property="county" />
    <result column="street" jdbcType="VARCHAR" property="street" />
    <result column="last_detail" jdbcType="VARCHAR" property="lastDetail" />
    <result column="add_time" jdbcType="TIMESTAMP" property="addTime" />
  </resultMap>
  <sql id="Base_Column_List">
    address_id, address_name, province, city, county, street, last_detail, add_time
  </sql>
  <select id="selectByPrimaryKey" parameterType="java.lang.Integer" resultMap="BaseResultMap">
    select 
    <include refid="Base_Column_List" />
    from address
    where address_id = #{addressId,jdbcType=INTEGER}
  </select>
  <delete id="deleteByPrimaryKey" parameterType="java.lang.Integer">
    delete from address
    where address_id = #{addressId,jdbcType=INTEGER}
  </delete>
  <insert id="insert" keyColumn="address_id" keyProperty="addressId" parameterType="com.example.managementSystem.entity.Address" useGeneratedKeys="true">
    insert into address (address_name, province, city, 
      county, street, last_detail, 
      add_time)
    values (#{addressName,jdbcType=VARCHAR}, #{province,jdbcType=VARCHAR}, #{city,jdbcType=VARCHAR}, 
      #{county,jdbcType=VARCHAR}, #{street,jdbcType=VARCHAR}, #{lastDetail,jdbcType=VARCHAR}, 
      #{addTime,jdbcType=TIMESTAMP})
  </insert>
  <insert id="insertSelective" keyColumn="address_id" keyProperty="addressId" parameterType="com.example.managementSystem.entity.Address" useGeneratedKeys="true">
    insert into address
    <trim prefix="(" suffix=")" suffixOverrides=",">
      <if test="addressName != null">
        address_name,
      </if>
      <if test="province != null">
        province,
      </if>
      <if test="city != null">
        city,
      </if>
      <if test="county != null">
        county,
      </if>
      <if test="street != null">
        street,
      </if>
      <if test="lastDetail != null">
        last_detail,
      </if>
      <if test="addTime != null">
        add_time,
      </if>
    </trim>
    <trim prefix="values (" suffix=")" suffixOverrides=",">
      <if test="addressName != null">
        #{addressName,jdbcType=VARCHAR},
      </if>
      <if test="province != null">
        #{province,jdbcType=VARCHAR},
      </if>
      <if test="city != null">
        #{city,jdbcType=VARCHAR},
      </if>
      <if test="county != null">
        #{county,jdbcType=VARCHAR},
      </if>
      <if test="street != null">
        #{street,jdbcType=VARCHAR},
      </if>
      <if test="lastDetail != null">
        #{lastDetail,jdbcType=VARCHAR},
      </if>
      <if test="addTime != null">
        #{addTime,jdbcType=TIMESTAMP},
      </if>
    </trim>
  </insert>
  <update id="updateByPrimaryKeySelective" parameterType="com.example.managementSystem.entity.Address">
    update address
    <set>
      <if test="addressName != null">
        address_name = #{addressName,jdbcType=VARCHAR},
      </if>
      <if test="province != null">
        province = #{province,jdbcType=VARCHAR},
      </if>
      <if test="city != null">
        city = #{city,jdbcType=VARCHAR},
      </if>
      <if test="county != null">
        county = #{county,jdbcType=VARCHAR},
      </if>
      <if test="street != null">
        street = #{street,jdbcType=VARCHAR},
      </if>
      <if test="lastDetail != null">
        last_detail = #{lastDetail,jdbcType=VARCHAR},
      </if>
      <if test="addTime != null">
        add_time = #{addTime,jdbcType=TIMESTAMP},
      </if>
    </set>
    where address_id = #{addressId,jdbcType=INTEGER}
  </update>
  <update id="updateByPrimaryKey" parameterType="com.example.managementSystem.entity.Address">
    update address
    set address_name = #{addressName,jdbcType=VARCHAR},
      province = #{province,jdbcType=VARCHAR},
      city = #{city,jdbcType=VARCHAR},
      county = #{county,jdbcType=VARCHAR},
      street = #{street,jdbcType=VARCHAR},
      last_detail = #{lastDetail,jdbcType=VARCHAR},
      add_time = #{addTime,jdbcType=TIMESTAMP}
    where address_id = #{addressId,jdbcType=INTEGER}
  </update>
</mapper>